{
  "type": "panel",
  "name": "Dynamic image panel",
  "id": "dalvany-image-panel",
  "info": {
    "description": "Concatenate a metric to an URL in order to display an image",
    "author": {
      "name": "Dalvany",
      "url": "https://github.com/Dalvany/dalvany-image-panel"
    },
    "keywords": [
      "image",
      "panel",
      "dynamic"
    ],
    "logos": {
      "small": "img/logo.svg",
      "large": "img/logo.svg"
    },
    "links": [
      {
        "name": "Project site",
        "url": "https://github.com/Dalvany/dalvany-image-panel"
      },
      {
        "name": "WTFPL",
        "url": "https://github.com/Dalvany/dalvany-image-panel/blob/master/LICENSE"
      }
    ],
    "screenshots": [
      {"name": "Screenshot", "path": "img/screenshot.png"}
    ],
    "version": "%VERSION%",
    "updated": "%TODAY%"
  },
  "dependencies": {
    "grafanaDependency": ">=7.1.5",
    "plugins": []
  }
}
